{
  "name": "InformalSentenceFilter",
  "version": "1.0",
  "author": [
    {
      "name": "박상원",
      "email": "hudoni@gmail.com"
    }
  ],
  "description": "비형식적인 문장 필터는 약 9만 건의 인터넷 댓글 자료를 조사하여 발견한 형태소 분석이 반드시 필요한 형태가 아니면서 형태소 분석기의 성능에 영향을 주는 입력 패턴에 대해 필터링을 수행한다. 필터링의 대상이 되는 대표적인 예는 아래와 같다. 이러한 입력들은 설정에 따라서 워크플로의 이후 단계에서 분석되지 않거나 짧은 단위로 나뉘어 분석된다. 아래는 필터링의 대상이되는 입력의 예이다. \n   - 특수기호의 반복적인 사용\n\t예) $$$$$$$$$$$$$ 일시 $$$$$$$$$$$$$$\n   - 짧은 패턴의 지속적인 반복\n\t예) 서울시장서울시장서울시장서울시장서울시장...",
  "type": "PlainTextProcessor" 
}