{
  "name": "SentenceSegmentor",
  "version": "1.0",
  "author": [
    {
      "name": "박상원",
      "email": "hudoni@gmail.com"
    }
  ],
  "description": "문장 분리기는 문장의 구분자 역할을 할 수 있는 마침표, 물음표, 느낌표 문장 기호를 기준으로 전·후 조건에 따라 문장 구분을 결정하는 간단한 방식으로 구현되었다. 마침표에 대해서는 바로 뒤에 숫자가 있는 경우 소수점으로, 마침표 바로 앞에 영문자가 있는 경우 영문 약어로, 바로 뒤에 또 다른 마침표가 있는 경우 말줄임표로, 앞 단어의 길이가 2바이트 이하인 경우 말머리표로 인식하여 문장구분을 하지 않는다. 물음표와 느낌표는 다른 특수 기호와 함께 사용된 경우에 문장 구분자로 인식하지 않는다.",
  "type": "PlainTextProcessor"
}